<resources>
    <!-- Default screen margins, per the Android Design guidelines. -->
    <dimen name="activity_horizontal_margin">16dp</dimen>
    <dimen name="activity_vertical_margin">16dp</dimen>
    <dimen name="nav_header_vertical_spacing">8dp</dimen>
    <dimen name="nav_header_height">176dp</dimen>
    <dimen name="fab_margin">16dp</dimen>

  <dimen name="activity_margin">16dp</dimen>
  <dimen name="thumbnail">40dp</dimen>
  <dimen name="row_padding">10dp</dimen>
  <dimen name="contact_name">15dp</dimen>
  <dimen name="contact_number">12dp</dimen>
  
</resources>