<resources>
  <string name="app_name">EatIt</string>
  <string name="ApplicationName">project</string>
  <string name="action_settings">Settings</string>
  <string name="slogan">ItsagoodtimeforthegreattasteofMcDonalds</string>
  <string name="title_activity_home">Home</string>
  <string name="drawer_open">Open</string>
  <string name="drawer_close">Close</string>


  <string name="navigation_drawer_open">Open navigation drawer</string>
  <string name="navigation_drawer_close">Close navigation drawer</string>

  <string name="restaurents_tab_label">Restaurents</string>
  <string name="customers_tab_label">Customers</string>
</resources>
