<resources>

    <!-- Base application theme. -->
  <style name="AppTheme" parent="Theme.AppCompat.Light.NoActionBar">
    <!-- Customize your theme here. -->
    <item name="colorPrimary">@color/colorPrimary</item>
    <item name="colorPrimaryDark">@color/colorPrimaryDark</item>
    <item name="colorAccent">@color/colorAccent</item>
    <item name="windowActionBar">false</item>
    <item name="windowNoTitle">true</item>
  </style>

  <style name="AppTheme.AppBarOverlay" parent="ThemeOverlay.AppCompat.Dark.ActionBar" />

  <style name="AppTheme.PopupOverlay" parent="ThemeOverlay.AppCompat.Light" />

  <style name="MyToolbarTheme" parent="@style/ThemeOverlay.AppCompat.Dark">
    <item name="colorControlNormal">@color/white</item>
    <item name="titleTextColor">@color/white</item>
  </style>

  <style name="CollapsedAppbar" parent="@android:style/TextAppearance.Medium">
    <item name="android:textSize">24sp</item>
    <item name="android:textColor">@android:color/white</item>
    <item name="android:textStyle">normal</item>
  </style>

  <style name="ExpandedAppbar" parent="@android:style/TextAppearance.Material.Title">
    <item name="android:textSize">24sp</item>
    <item name="android:textColor">@color/colorPrimary</item>
  </style>
  
  <style name="AppTheme.Splash" parent ="Theme.AppCompat.Light.NoActionBar">
    <item name="android:windowBackground">@drawable/splash_screen</item>
    <item name="android:windowNoTitle">true</item>
    <item name="android:windowFullscreen">true</item>
    <item name="android:windowContentOverlay">@null</item>
    <item name="android:windowActionBar">true</item>
  </style>
  
</resources>
